classifier,recall_mean,recall_std,accuracy_mean,accuracy_std,auc_mean,auc_std,train_accuracy
LDA,0.8497076023391813,0.06947998474984395,0.537987987987988,0.03856141177360431,0.5192007797270956,0.05045175502379987,0.7119565217391305
GaussianNB,0.9362573099415205,0.07728153701371597,0.537987987987988,0.030043540504370497,0.49304743339831053,0.04581765271411029,0.5706521739130435
LogisticRegression,0.8923976608187134,0.03341019147856304,0.5435435435435435,0.030209672888791075,0.5299870045484081,0.058640544351568805,0.5815217391304348
SGDClassifier,0.7058479532163743,0.25593465531749143,0.4998498498498499,0.04196797422332844,0.47089018843404806,0.05951304975772201,0.47282608695652173
KNeighbors,0.6333333333333333,0.348164955969289,0.5106606606606607,0.06076983010944502,0.5043372319688109,0.05171398885208588,0.592391304347826
DecisionTree,0.8058479532163743,0.029910437081975227,0.5484984984984985,0.041793559989687014,0.5556205328135152,0.048754554445828414,0.7119565217391305
RandomForest,0.8175438596491228,0.052455846974477395,0.5651651651651651,0.034522781653333126,0.5562703053931124,0.03603933607562054,0.7119565217391305
