classifier,recall_mean,recall_std,accuracy_mean,accuracy_std,auc_mean,auc_std,train_accuracy
LogisticRegression,0.8923976608187134,0.06757865992947235,0.6411411411411412,0.03319642908212725,0.7273554256010397,0.05055888333306715,0.7065217391304348
SVM,0.9783625730994153,0.026516453915215538,0.6795795795795796,0.029263490006197785,0.739571150097466,0.04988368461010083,0.7119565217391305
RandomForest,0.8058479532163743,0.10484974046533073,0.5921921921921921,0.0694830263734754,0.6399610136452243,0.08135652206866127,0.7065217391304348
KNN,0.9789473684210526,0.025784102555612427,0.5490990990990992,0.05128809127023526,0.5967186484730344,0.04463169083737011,0.7119565217391305
DecisionTree,0.8608187134502924,0.07868920318565022,0.5978978978978978,0.05170400308066285,0.6496751137102014,0.07171452564685661,0.7010869565217391
