classifier,recall_mean,recall_std,accuracy_mean,accuracy_std,auc_mean,auc_std,train_accuracy
LogisticRegression,0.8923976608187134,0.07533198868250128,0.6465465465465466,0.03990266724774315,0.7215074723846653,0.04981118198620717,0.7065217391304348
SVM,0.8385964912280702,0.04859082591307832,0.6252252252252252,0.04132376555380077,0.5851202079272254,0.027946453510996463,0.7119565217391305
RandomForest,0.8070175438596492,0.11470041329045444,0.565015015015015,0.050015102914305186,0.5937621832358675,0.07338644104299812,0.7119565217391305
KNN,0.6760233918128654,0.3311687180444795,0.5654654654654655,0.04284518156639474,0.5625893437296946,0.05383851070802967,0.6358695652173914
DecisionTree,0.8497076023391813,0.06947998474984395,0.5493993993993993,0.06697504630830177,0.5446718648473035,0.11320560089698804,0.7119565217391305
