classifier,accuracy,auc,f1,precision,recall,misclassified,total
LDA,0.6016260162601627,0.6461487603305787,0.6048387096774194,0.6097560975609756,0.6,98,246
GaussianNB,0.5853658536585366,0.617388429752066,0.4742268041237113,0.6666666666666666,0.368,102,246
LogisticRegression,0.6666666666666666,0.7313719008264463,0.672,0.672,0.672,82,246
SGDClassifier,0.6463414634146342,0.6911074380165289,0.6506024096385542,0.6532258064516129,0.648,87,246
KNeighbors,0.5365853658536586,0.5795371900826446,0.5511811023622047,0.5426356589147286,0.56,114,246
DecisionTree,0.491869918699187,0.4919338842975206,0.4939271255060729,0.5,0.488,125,246
RandomForest,0.5772357723577236,0.6409917355371899,0.584,0.584,0.584,104,246
